<?xml version="1.0" encoding="UTF-8"?>
<!DOCTYPE mapper PUBLIC "-//mybatis.org//DTD Mapper 3.0//EN" "http://mybatis.org/dtd/mybatis-3-mapper.dtd">
<mapper namespace="com.laity.backstage.system.dao.SeconHeadTypeMapper">
  <resultMap id="BaseResultMap" type="com.laity.backstage.system.entity.SeconHeadType">
    <result column="sechead_type" jdbcType="VARCHAR" property="secheadType" />
    <result column="sechead_name" jdbcType="VARCHAR" property="secheadName" />
  </resultMap>
  <insert id="insert" parameterType="com.laity.backstage.system.entity.SeconHeadType">
    insert into SECOND_HEAD_TYPE (sechead_type, sechead_name)
    values (#{secheadType,jdbcType=VARCHAR}, #{secheadName,jdbcType=VARCHAR})
  </insert>
  <insert id="insertSelective" parameterType="com.laity.backstage.system.entity.SeconHeadType">
    insert into SECOND_HEAD_TYPE
    <trim prefix="(" suffix=")" suffixOverrides=",">
      <if test="secheadType != null">
        sechead_type,
      </if>
      <if test="secheadName != null">
        sechead_name,
      </if>
    </trim>
    <trim prefix="values (" suffix=")" suffixOverrides=",">
      <if test="secheadType != null">
        #{secheadType,jdbcType=VARCHAR},
      </if>
      <if test="secheadName != null">
        #{secheadName,jdbcType=VARCHAR},
      </if>
    </trim>
  </insert>
</mapper>