<?xml version="1.0" encoding="UTF-8"?>
<!DOCTYPE mapper PUBLIC "-//mybatis.org//DTD Mapper 3.0//EN" "http://mybatis.org/dtd/mybatis-3-mapper.dtd">
<mapper namespace="com.laity.backstage.system.dao.SeconHeadMapper">
  <resultMap id="BaseResultMap" type="com.laity.backstage.system.entity.SeconHead">
    <result column="secheadid" jdbcType="VARCHAR" property="secheadid" />
    <result column="sechead_type" jdbcType="VARCHAR" property="secheadType" />
    <result column="sechead_title" jdbcType="VARCHAR" property="secheadTitle" />
    <result column="sechead_describ" jdbcType="VARCHAR" property="secheadDescrib" />
    <result column="sechead_price" jdbcType="VARCHAR" property="secheadPrice" />
    <result column="create_time" jdbcType="DATE" property="createTime" />
    <result column="edite_time" jdbcType="DATE" property="editeTime" />
    <result column="is_note" jdbcType="VARCHAR" property="isNote" />
    <result column="flag" jdbcType="VARCHAR" property="flag" />
    <result column="lxdh" jdbcType="VARCHAR" property="lxdh" />
    <result column="name" jdbcType="VARCHAR" property="name" />
    <result column="xykh" jdbcType="VARCHAR" property="xykh" />
    <result column="item1" jdbcType="VARCHAR" property="item1" />
    <result column="item2" jdbcType="VARCHAR" property="item2" />
  </resultMap>
  <insert id="insert" parameterType="com.laity.backstage.system.entity.SeconHead">
    insert into SCHOOL_SECOND_HEAD (secheadid, sechead_type, sechead_title,
      sechead_describ, sechead_price, create_time,
      edite_time, is_note, flag,
      lxdh, name, xykh, item1,
      item2)
    values (#{secheadid,jdbcType=VARCHAR}, #{secheadType,jdbcType=VARCHAR}, #{secheadTitle,jdbcType=VARCHAR},
      #{secheadDescrib,jdbcType=VARCHAR}, #{secheadPrice,jdbcType=VARCHAR}, #{createTime,jdbcType=DATE},
      #{editeTime,jdbcType=DATE}, #{isNote,jdbcType=VARCHAR}, #{flag,jdbcType=VARCHAR},
      #{lxdh,jdbcType=VARCHAR}, #{name,jdbcType=VARCHAR}, #{xykh,jdbcType=VARCHAR}, #{item1,jdbcType=VARCHAR},
      #{item2,jdbcType=VARCHAR})
  </insert>
  <insert id="insertSelective" parameterType="com.laity.backstage.system.entity.SeconHead">
    insert into SCHOOL_SECOND_HEAD
    <trim prefix="(" suffix=")" suffixOverrides=",">
      <if test="secheadid != null">
        secheadid,
      </if>
      <if test="secheadType != null">
        sechead_type,
      </if>
      <if test="secheadTitle != null">
        sechead_title,
      </if>
      <if test="secheadDescrib != null">
        sechead_describ,
      </if>
      <if test="secheadPrice != null">
        sechead_price,
      </if>
      <if test="createTime != null">
        create_time,
      </if>
      <if test="editeTime != null">
        edite_time,
      </if>
        is_note,

        flag,

      <if test="lxdh != null">
        lxdh,
      </if>
      <if test="name != null">
        name,
      </if>
      <if test="xykh != null">
        xykh,
      </if>
      <if test="item1 != null">
        item1,
      </if>
      <if test="item2 != null">
        item2,
      </if>
    </trim>
    <trim prefix="values (" suffix=")" suffixOverrides=",">
      <if test="secheadid != null">
        #{secheadid,jdbcType=VARCHAR},
      </if>
      <if test="secheadType != null">
        #{secheadType,jdbcType=VARCHAR},
      </if>
      <if test="secheadTitle != null">
        #{secheadTitle,jdbcType=VARCHAR},
      </if>
      <if test="secheadDescrib != null">
        #{secheadDescrib,jdbcType=VARCHAR},
      </if>
      <if test="secheadPrice != null">
        #{secheadPrice,jdbcType=VARCHAR},
      </if>
      <if test="createTime != null">
        #{createTime,jdbcType=DATE},
      </if>
      <if test="editeTime != null">
        #{editeTime,jdbcType=DATE},
      </if>
       '0',

      '0',

      <if test="lxdh != null">
        #{lxdh,jdbcType=VARCHAR},
      </if>
      <if test="name != null">
        #{name,jdbcType=VARCHAR},
      </if>
      <if test="xykh != null">
        #{xykh,jdbcType=VARCHAR},
      </if>
      <if test="item1 != null">
        #{item1,jdbcType=VARCHAR},
      </if>
      <if test="item2 != null">
        #{item2,jdbcType=VARCHAR},
      </if>
    </trim>
  </insert>
  <select id="getSecList" resultType="java.util.Map">
    select * from SCHOOL_SECOND_HEAD t  left join SECOND_HEAD_TYPE t1 on t.sechead_type =t1.sechead_type and t.is_note='0'
  </select>
  <update id="agree" parameterType="com.laity.backstage.system.entity.SeconHead">
    update  SCHOOL_SECOND_HEAD set flag='1' where secheadid=#{secheadid}
  </update>
  <update id="notAgree" parameterType="com.laity.backstage.system.entity.SeconHead">
    update  SCHOOL_SECOND_HEAD set flag='2' where secheadid=#{secheadid}
  </update>
  <update id="deleteData" parameterType="com.laity.backstage.system.entity.SeconHead">
    update  SCHOOL_SECOND_HEAD set is_note='1' where secheadid=#{secheadid}
  </update>
  <insert id="add">
    insert into SCHOOL_SECOND_HEAD
      (SECHEADID,
       SECHEAD_TYPE,
       SECHEAD_TITLE,
       SECHEAD_PRICE,
       SECHEAD_DESCRIB,
       NAME,
       FLAG)
    values
      (#{secheadid},
       #{secheadType},
       #{secheadTitle},
        #{secheadPrice},
        #{secheadDescrib},
      #{name},
       0)
  </insert>
  <select id="schoolSecondHead" resultMap="BaseResultMap"  parameterType="com.laity.backstage.system.entity.SeconHead">

  select * from SCHOOL_SECOND_HEAD t  left join SECOND_HEAD_TYPE t1 on t.sechead_type =t1.sechead_type where t.secheadid=#{secheadid}
  </select>

  <update id="updateSchoolById" parameterType="com.laity.backstage.system.entity.SeconHead">
      update SCHOOL_SECOND_HEAD
            set SECHEAD_TYPE = #{secheadType},
                SECHEAD_TITLE = #{secheadTitle},
                SECHEAD_DESCRIB = #{secheadDescrib},
                SECHEAD_PRICE = #{secheadPrice},
                FLAG=0

      where SECHEADID = #{secheadid}
  </update>

  <select id="anlyze" resultType="java.util.Map">
      select count(t.secheadid) num1, t.sechead_type,t2.sechead_name
  from SCHOOL_SECOND_HEAD t, SECOND_HEAD_TYPE t2
  where t.sechead_type = t2.sechead_type
  group by t.sechead_type,t2.sechead_name
   </select>

</mapper>
