<?xml version="1.0" encoding="UTF-8"?>
<!DOCTYPE mapper PUBLIC "-//mybatis.org//DTD Mapper 3.0//EN" "http://mybatis.org/dtd/mybatis-3-mapper.dtd">
<mapper namespace="com.laity.backstage.system.dao.UserMapper">
    <resultMap id="BaseResultMap" type="com.laity.backstage.system.entity.User">
        <result column="user_id" jdbcType="BIGINT" property="userId"/>
        <result column="username" jdbcType="VARCHAR" property="username"/>
        <result column="name" jdbcType="VARCHAR" property="name"/>
        <result column="password" jdbcType="VARCHAR" property="password"/>
        <result column="dept_id" jdbcType="BIGINT" property="deptId"/>
        <result column="email" jdbcType="VARCHAR" property="email"/>
        <result column="mobile" jdbcType="VARCHAR" property="mobile"/>
        <result column="status" jdbcType="TINYINT" property="status"/>
        <result column="user_id_create" jdbcType="BIGINT" property="userIdCreate"/>
        <result column="gmt_create" jdbcType="TIMESTAMP" property="gmtCreate"/>
        <result column="gmt_modified" jdbcType="TIMESTAMP" property="gmtModified"/>
        <result column="sex" jdbcType="BIGINT" property="sex"/>
        <result column="birth" jdbcType="TIMESTAMP" property="birth"/>
        <result column="pic_id" jdbcType="BIGINT" property="picId"/>
        <result column="live_address" jdbcType="VARCHAR" property="liveAddress"/>
        <result column="hobby" jdbcType="VARCHAR" property="hobby"/>
        <result column="province" jdbcType="VARCHAR" property="province"/>
        <result column="city" jdbcType="VARCHAR" property="city"/>
        <result column="district" jdbcType="VARCHAR" property="district"/>
    </resultMap>
    <insert id="insert" parameterType="com.laity.backstage.system.entity.User">
    insert into sys_user (user_id, username, name,
      password, dept_id, email,
      mobile, status, user_id_create,
      gmt_create, gmt_modified, sex,
      birth, pic_id, live_address,
      hobby, province, city,
      district)
    values (#{userId,jdbcType=BIGINT}, #{username,jdbcType=VARCHAR}, #{name,jdbcType=VARCHAR},
      #{password,jdbcType=VARCHAR}, #{deptId,jdbcType=BIGINT}, #{email,jdbcType=VARCHAR},
      #{mobile,jdbcType=VARCHAR}, #{status,jdbcType=TINYINT}, #{userIdCreate,jdbcType=BIGINT},
      #{gmtCreate,jdbcType=TIMESTAMP}, #{gmtModified,jdbcType=TIMESTAMP}, #{sex,jdbcType=BIGINT},
      #{birth,jdbcType=TIMESTAMP}, #{picId,jdbcType=BIGINT}, #{liveAddress,jdbcType=VARCHAR},
      #{hobby,jdbcType=VARCHAR}, #{province,jdbcType=VARCHAR}, #{city,jdbcType=VARCHAR},
      #{district,jdbcType=VARCHAR})
  </insert>
    <insert id="insertSelective" parameterType="com.laity.backstage.system.entity.User">
        insert into sys_user
        <trim prefix="(" suffix=")" suffixOverrides=",">
            <if test="userId != null">
                user_id,
            </if>
            <if test="username != null">
                username,
            </if>
            <if test="name != null">
                name,
            </if>
            <if test="password != null">
                password,
            </if>
            <if test="deptId != null">
                dept_id,
            </if>
            <if test="email != null">
                email,
            </if>
            <if test="mobile != null">
                mobile,
            </if>
            <if test="status != null">
                status,
            </if>
            <if test="userIdCreate != null">
                user_id_create,
            </if>
            <if test="gmtCreate != null">
                gmt_create,
            </if>
            <if test="gmtModified != null">
                gmt_modified,
            </if>
            <if test="sex != null">
                sex,
            </if>
            <if test="birth != null">
                birth,
            </if>
            <if test="picId != null">
                pic_id,
            </if>
            <if test="liveAddress != null">
                live_address,
            </if>
            <if test="hobby != null">
                hobby,
            </if>
            <if test="province != null">
                province,
            </if>
            <if test="city != null">
                city,
            </if>
            <if test="district != null">
                district,
            </if>
        </trim>
        <trim prefix="values (" suffix=")" suffixOverrides=",">
            <if test="userId != null">
                #{userId,jdbcType=BIGINT},
            </if>
            <if test="username != null">
                #{username,jdbcType=VARCHAR},
            </if>
            <if test="name != null">
                #{name,jdbcType=VARCHAR},
            </if>
            <if test="password != null">
                #{password,jdbcType=VARCHAR},
            </if>
            <if test="deptId != null">
                #{deptId,jdbcType=BIGINT},
            </if>
            <if test="email != null">
                #{email,jdbcType=VARCHAR},
            </if>
            <if test="mobile != null">
                #{mobile,jdbcType=VARCHAR},
            </if>
            <if test="status != null">
                #{status,jdbcType=TINYINT},
            </if>
            <if test="userIdCreate != null">
                #{userIdCreate,jdbcType=BIGINT},
            </if>
            <if test="gmtCreate != null">
                #{gmtCreate,jdbcType=TIMESTAMP},
            </if>
            <if test="gmtModified != null">
                #{gmtModified,jdbcType=TIMESTAMP},
            </if>
            <if test="sex != null">
                #{sex,jdbcType=BIGINT},
            </if>
            <if test="birth != null">
                #{birth,jdbcType=TIMESTAMP},
            </if>
            <if test="picId != null">
                #{picId,jdbcType=BIGINT},
            </if>
            <if test="liveAddress != null">
                #{liveAddress,jdbcType=VARCHAR},
            </if>
            <if test="hobby != null">
                #{hobby,jdbcType=VARCHAR},
            </if>
            <if test="province != null">
                #{province,jdbcType=VARCHAR},
            </if>
            <if test="city != null">
                #{city,jdbcType=VARCHAR},
            </if>
            <if test="district != null">
                #{district,jdbcType=VARCHAR},
            </if>
        </trim>
    </insert>
    <select id="selectByUsername" resultType="com.laity.backstage.system.entity.User">
    SELECT * FROM sys_user where username =#{username};
  </select>
    <select id="getUserList" resultType="com.laity.backstage.system.entity.User">
        select * from sys_user
    </select>
    <update id="updateByUserId" parameterType="com.laity.backstage.system.entity.User">
        UPDATE sys_user SET status='0' WHERE username =#{username}
    </update>
    <update id="updateByUsername" parameterType="com.laity.backstage.system.entity.User">
        UPDATE sys_user SET status='1' WHERE username =#{username}
    </update>
</mapper>
